{
  "model": "XGBoost",
  "accuracy": 0.9763,
  "rf_accuracy": 0.9763,
  "xgb_accuracy": 0.9763,
  "classification_report": {
    "Normal": {
      "precision": 0.9032258064516129,
      "recall": 0.9333333333333333,
      "f1-score": 0.9180327868852459,
      "support": 30.0
    },
    "Brute Force": {
      "precision": 1.0,
      "recall": 1.0,
      "f1-score": 1.0,
      "support": 30.0
    },
    "Port Scan": {
      "precision": 0.9310344827586207,
      "recall": 0.9,
      "f1-score": 0.9152542372881356,
      "support": 30.0
    },
    "DoS / Flood": {
      "precision": 1.0,
      "recall": 1.0,
      "f1-score": 1.0,
      "support": 30.0
    },
    "SQL Injection": {
      "precision": 1.0,
      "recall": 1.0,
      "f1-score": 1.0,
      "support": 30.0
    },
    "Command Injection": {
      "precision": 1.0,
      "recall": 1.0,
      "f1-score": 1.0,
      "support": 30.0
    },
    "Credential Stuffing": {
      "precision": 1.0,
      "recall": 1.0,
      "f1-score": 1.0,
      "support": 31.0
    },
    "accuracy": 0.976303317535545,
    "macro avg": {
      "precision": 0.9763228984586048,
      "recall": 0.9761904761904763,
      "f1-score": 0.9761838605961974,
      "support": 211.0
    },
    "weighted avg": {
      "precision": 0.9764351122099859,
      "recall": 0.976303317535545,
      "f1-score": 0.9762967332947936,
      "support": 211.0
    }
  }
}